0,1,1.0
0,2,1.0
0,3,2.0
0,4,1.0
0,5,1.0
0,6,1.0
1,2,1.0
1,3,27.0
1,4,1.0
1,5,1.0
1,6,6.0
1,10,1.0
1,30,1.0
1,31,1.0
1,32,2.0
1,33,1.0
1,34,1.0
1,65,1.0
1,66,1.0
1,67,1.0
1,68,1.0
1,69,1.0
1,70,1.0
1,71,1.0
1,72,1.0
1,84,3.0
1,86,32.0
1,87,1.0
1,88,1.0
1,89,1.0
1,95,1.0
1,96,1.0
1,99,1.0
1,172,5.0
1,192,1.0
1,208,1.0
1,209,1.0
1,210,1.0
1,211,1.0
1,212,1.0
1,213,1.0
1,214,1.0
1,215,1.0
1,216,1.0
1,227,6.0
1,248,9.0
1,267,4.0
1,288,2.0
1,359,1.0
1,360,1.0
1,361,1.0
1,362,1.0
1,363,1.0
1,384,1.0
1,424,5.0
1,456,2.0
1,570,1.0
1,571,1.0
1,572,1.0
1,573,1.0
1,574,1.0
1,582,5.0
1,598,1.0
1,599,1.0
1,600,1.0
1,701,2.0
1,702,3.0
1,736,7.0
1,742,3.0
1,747,1.0
1,748,1.0
1,749,1.0
1,750,1.0
1,751,1.0
1,752,1.0
1,753,1.0
1,779,1.0
1,780,1.0
1,781,1.0
1,782,1.0
1,783,1.0
1,784,1.0
1,785,1.0
1,786,1.0
1,787,1.0
1,788,1.0
1,789,1.0
1,790,1.0
1,791,1.0
1,843,1.0
1,846,1.0
1,857,2.0
1,872,1.0
1,884,1.0
1,885,1.0
1,886,5.0
1,887,5.0
1,888,5.0
1,889,1.0
1,890,1.0
1,891,1.0
1,892,2.0
1,942,1.0
1,943,1.0
1,948,2.0
1,949,2.0
1,950,2.0
1,951,2.0
1,952,2.0
1,953,2.0
1,954,1.0
1,955,1.0
1,956,1.0
1,969,1.0
1,970,1.0
1,971,1.0
1,972,1.0
1,974,1.0
1,975,1.0
1,976,1.0
1,992,1.0
1,993,1.0
1,994,1.0
1,995,1.0
2,3,2.0
2,4,1.0
2,5,1.0
2,6,1.0
2,7,1.0
2,8,1.0
2,384,1.0
3,4,2.0
3,5,2.0
3,6,28.0
3,9,2.0
3,84,1.0
3,248,4.0
3,288,1.0
3,406,3.0
3,407,3.0
3,410,1.0
3,487,1.0
3,570,4.0
3,571,4.0
3,572,4.0
3,573,4.0
3,574,4.0
3,582,11.0
3,593,1.0
3,619,3.0
3,620,3.0
3,621,3.0
3,622,3.0
3,623,3.0
3,624,3.0
3,625,3.0
3,626,3.0
3,627,3.0
3,628,3.0
3,629,3.0
3,630,3.0
3,631,3.0
3,632,3.0
3,633,3.0
3,717,2.0
3,718,2.0
3,719,2.0
3,720,2.0
3,729,4.0
3,845,3.0
3,846,3.0
3,847,3.0
3,848,1.0
3,849,1.0
3,850,1.0
3,851,1.0
3,852,1.0
3,853,1.0
3,854,1.0
3,855,1.0
3,856,2.0
3,857,8.0
3,872,3.0
3,914,2.0
3,915,2.0
3,916,2.0
3,917,2.0
3,978,2.0
3,979,2.0
3,980,2.0
4,5,1.0
4,6,1.0
5,6,1.0
5,979,1.0
6,7,1.0
6,8,1.0
6,10,6.0
6,22,1.0
6,84,30.0
6,120,9.0
6,189,1.0
6,190,1.0
6,191,1.0
6,192,1.0
6,193,1.0
6,194,1.0
6,195,1.0
6,196,1.0
6,197,1.0
6,208,1.0
6,209,1.0
6,210,1.0
6,211,1.0
6,212,1.0
6,213,1.0
6,214,1.0
6,215,1.0
6,216,1.0
6,268,1.0
6,269,1.0
6,270,1.0
6,271,1.0
6,272,1.0
6,384,1.0
6,477,1.0
6,478,1.0
6,479,1.0
6,480,1.0
6,481,1.0
6,482,1.0
6,483,1.0
6,484,1.0
6,534,1.0
6,535,1.0
6,536,1.0
6,537,1.0
6,538,1.0
6,539,1.0
6,570,5.0
6,571,5.0
6,572,5.0
6,573,5.0
6,574,4.0
6,582,2.0
6,729,4.0
6,846,1.0
6,872,1.0
7,8,1.0
9,22,3.0
9,227,30.0
9,248,5.0
9,402,3.0
9,403,3.0
9,456,5.0
9,582,3.0
9,590,2.0
9,591,2.0
9,592,2.0
9,601,2.0
9,606,2.0
9,607,2.0
9,856,1.0
9,870,3.0
9,871,3.0
9,872,1.0
9,980,1.0
10,11,2.0
10,12,1.0
10,13,1.0
10,14,1.0
10,15,1.0
10,16,1.0
10,17,1.0
10,18,1.0
10,19,16.0
10,22,7.0
10,31,8.0
10,32,5.0
10,35,2.0
10,36,32.0
10,37,4.0
10,48,3.0
10,54,1.0
10,55,1.0
10,56,1.0
10,63,2.0
10,65,1.0
10,66,1.0
10,67,1.0
10,68,1.0
10,69,1.0
10,70,1.0
10,71,3.0
10,72,1.0
10,91,1.0
10,92,1.0
10,94,1.0
10,95,33.0
10,97,2.0
10,98,33.0
10,99,47.0
10,100,1.0
10,101,2.0
10,118,1.0
10,120,3.0
10,122,1.0
10,130,1.0
10,172,1.0
10,173,2.0
10,174,2.0
10,175,2.0
10,176,1.0
10,177,1.0
10,178,1.0
10,179,1.0
10,180,1.0
10,181,1.0
10,182,1.0
10,183,1.0
10,184,12.0
10,221,2.0
10,222,2.0
10,223,2.0
10,246,1.0
10,247,1.0
10,248,2.0
10,249,2.0
10,250,2.0
10,251,2.0
10,252,2.0
10,253,2.0
10,269,3.0
10,272,3.0
10,281,4.0
10,282,1.0
10,283,1.0
10,284,1.0
10,285,1.0
10,286,1.0
10,287,1.0
10,288,3.0
10,302,1.0
10,303,1.0
10,304,2.0
10,305,1.0
10,310,4.0
10,311,1.0
10,312,1.0
10,313,1.0
10,314,1.0
10,315,1.0
10,316,1.0
10,317,1.0
10,318,1.0
10,319,1.0
10,320,1.0
10,321,1.0
10,322,5.0
10,323,14.0
10,324,6.0
10,325,6.0
10,326,6.0
10,331,1.0
10,356,1.0
10,372,1.0
10,373,1.0
10,374,1.0
10,382,6.0
10,383,34.0
10,456,1.0
10,457,1.0
10,462,1.0
10,463,1.0
10,483,2.0
10,488,1.0
10,489,1.0
10,501,1.0
10,524,1.0
10,525,1.0
10,526,1.0
10,527,3.0
10,528,3.0
10,532,1.0
10,533,1.0
10,534,3.0
10,535,3.0
10,536,3.0
10,537,3.0
10,538,3.0
10,539,3.0
10,559,1.0
10,598,1.0
10,599,1.0
10,651,1.0
10,652,1.0
10,661,2.0
10,662,2.0
10,663,2.0
10,664,2.0
10,665,2.0
10,666,2.0
10,668,1.0
10,676,4.0
10,677,4.0
10,678,4.0
10,691,2.0
10,692,2.0
10,696,1.0
10,697,1.0
10,712,4.0
10,737,1.0
10,738,1.0
10,739,1.0
10,740,1.0
10,741,1.0
10,754,1.0
10,755,1.0
10,756,1.0
10,757,1.0
10,758,1.0
10,759,1.0
10,792,1.0
10,805,1.0
10,806,1.0
10,807,1.0
10,808,2.0
10,828,9.0
10,897,4.0
10,904,30.0
10,908,2.0
10,909,2.0
10,958,2.0
10,988,1.0
10,989,1.0
10,1004,2.0
11,12,1.0
11,13,1.0
11,14,1.0
11,15,1.0
11,16,1.0
11,17,1.0
11,18,1.0
11,22,1.0
11,217,3.0
11,218,3.0
11,281,1.0
11,288,2.0
11,366,1.0
11,367,1.0
11,368,1.0
11,369,1.0
11,370,2.0
11,471,1.0
11,472,1.0
11,473,1.0
11,474,1.0
11,475,1.0
11,476,1.0
11,557,2.0
11,564,1.0
11,565,1.0
11,566,1.0
11,567,1.0
11,568,1.0
11,569,1.0
11,575,1.0
11,576,1.0
11,577,1.0
11,578,1.0
11,579,1.0
11,580,1.0
11,584,2.0
11,585,2.0
11,586,2.0
11,587,2.0
11,588,2.0
11,698,1.0
11,699,1.0
11,700,1.0
11,921,1.0
11,922,1.0
11,923,1.0
11,924,1.0
11,925,1.0
11,926,1.0
12,13,1.0
12,14,1.0
12,15,1.0
12,16,1.0
12,17,1.0
12,18,1.0
13,14,1.0
13,15,1.0
13,16,1.0
13,17,1.0
13,18,1.0
14,15,1.0
14,16,1.0
14,17,1.0
14,18,1.0
15,16,1.0
15,17,1.0
15,18,1.0
16,17,1.0
16,18,1.0
17,18,1.0
19,20,3.0
19,21,3.0
19,22,3.0
19,27,1.0
19,32,4.0
19,39,3.0
19,40,2.0
19,41,2.0
19,42,3.0
19,43,2.0
19,44,3.0
19,45,2.0
19,46,2.0
19,47,2.0
19,48,1.0
19,49,2.0
19,50,2.0
19,51,2.0
19,52,2.0
19,130,1.0
19,234,1.0
19,235,7.0
19,236,1.0
19,237,1.0
19,267,1.0
19,332,1.0
19,385,1.0
19,386,1.0
19,387,1.0
19,455,1.0
19,485,1.0
19,486,1.0
20,21,1.0
20,22,1.0
20,31,1.0
20,32,1.0
20,238,1.0
20,259,1.0
20,260,1.0
20,261,1.0
20,262,1.0
20,263,1.0
20,264,1.0
20,265,1.0
20,266,1.0
20,541,1.0
21,22,1.0
21,39,1.0
21,40,1.0
21,41,1.0
21,42,1.0
21,43,1.0
21,44,1.0
21,45,1.0
21,46,1.0
21,47,1.0
22,27,1.0
22,32,3.0
22,48,1.0
22,58,1.0
22,224,1.0
22,227,5.0
22,234,1.0
22,235,7.0
22,236,1.0
22,237,1.0
22,248,1.0
22,269,1.0
22,272,1.0
22,378,1.0
22,385,1.0
22,386,1.0
22,387,1.0
22,412,1.0
22,413,1.0
22,414,1.0
22,415,1.0
22,416,1.0
22,417,1.0
22,418,1.0
22,419,1.0
22,420,1.0
22,421,1.0
22,422,1.0
22,423,1.0
22,534,1.0
22,535,1.0
22,536,1.0
22,537,1.0
22,538,1.0
22,539,1.0
22,703,1.0
22,704,1.0
22,705,1.0
22,713,1.0
22,714,1.0
22,715,1.0
22,716,1.0
22,862,1.0
22,863,1.0
22,864,1.0
22,870,1.0
22,871,1.0
22,921,1.0
22,922,1.0
22,923,1.0
22,924,1.0
22,925,1.0
22,926,1.0
22,967,1.0
22,968,1.0
22,991,1.0
23,24,1.0
23,25,1.0
23,26,1.0
23,27,1.0
23,28,1.0
23,29,1.0
24,25,1.0
24,26,1.0
24,27,1.0
24,28,1.0
24,29,1.0
25,26,1.0
25,27,1.0
25,28,1.0
25,29,1.0
26,27,1.0
26,28,1.0
26,29,1.0
27,28,1.0
27,29,1.0
27,32,1.0
27,130,1.0
27,267,1.0
27,332,1.0
27,412,1.0
27,413,1.0
27,414,1.0
27,415,1.0
27,416,1.0
27,417,1.0
27,418,1.0
27,419,1.0
27,420,1.0
27,421,1.0
27,422,1.0
27,423,1.0
27,455,1.0
27,485,1.0
27,486,1.0
28,29,1.0
30,31,1.0
30,32,1.0
30,33,1.0
30,34,1.0
31,32,2.0
31,33,1.0
31,34,1.0
31,227,1.0
31,238,2.0
31,239,1.0
31,259,1.0
31,260,1.0
31,261,1.0
31,262,2.0
31,263,1.0
31,264,1.0
31,265,2.0
31,266,1.0
31,388,1.0
31,389,1.0
31,390,1.0
31,391,1.0
31,392,1.0
31,440,1.0
31,540,1.0
31,541,2.0
31,542,2.0
31,543,1.0
31,544,2.0
31,545,2.0
31,561,1.0
31,562,1.0
31,563,1.0
31,583,2.0
31,721,1.0
31,722,1.0
31,723,1.0
31,726,1.0
31,727,1.0
31,728,1.0
31,836,6.0
31,865,1.0
31,866,1.0
31,867,1.0
31,868,1.0
31,869,1.0
32,33,1.0
32,34,1.0
32,48,3.0
32,85,9.0
32,95,86.0
32,96,5.0
32,98,1.0
32,99,28.0
32,100,3.0
32,101,14.0
32,102,3.0
32,103,3.0
32,104,6.0
32,105,3.0
32,121,1.0
32,130,21.0
32,131,8.0
32,132,3.0
32,133,1.0
32,171,1.0
32,227,2.0
32,228,1.0
32,229,1.0
32,238,2.0
32,259,1.0
32,260,1.0
32,261,1.0
32,262,1.0
32,263,1.0
32,264,1.0
32,265,1.0
32,266,1.0
32,267,1.0
32,309,2.0
32,313,1.0
32,314,1.0
32,315,1.0
32,316,1.0
32,317,1.0
32,318,2.0
32,322,2.0
32,328,1.0
32,330,1.0
32,331,1.0
32,332,1.0
32,333,1.0
32,382,8.0
32,455,1.0
32,485,1.0
32,486,1.0
32,511,1.0
32,512,1.0
32,513,1.0
32,514,2.0
32,528,1.0
32,529,10.0
32,561,1.0
32,562,1.0
32,563,1.0
32,649,6.0
32,650,6.0
32,656,1.0
32,657,1.0
32,658,1.0
32,659,1.0
32,660,1.0
32,679,1.0
32,680,1.0
32,681,8.0
32,693,3.0
32,694,3.0
32,792,3.0
32,808,17.0
32,809,1.0
32,810,1.0
32,811,1.0
32,833,1.0
32,836,4.0
32,897,17.0
32,904,9.0
32,908,1.0
32,909,1.0
32,956,1.0
32,985,1.0
32,990,1.0
32,1000,2.0
32,1003,1.0
32,1039,4.0
32,1040,1.0
33,34,1.0
35,38,1.0
35,63,1.0
35,221,1.0
35,222,1.0
35,223,1.0
36,37,4.0
36,712,2.0
37,53,8.0
37,91,7.0
37,95,1.0
37,219,1.0
37,220,1.0
37,667,2.0
37,712,1.0
39,40,1.0
39,41,1.0
39,42,1.0
39,43,1.0
39,44,1.0
39,45,1.0
39,46,1.0
39,47,1.0
39,49,1.0
39,50,1.0
39,51,1.0
39,52,1.0
39,95,1.0
39,331,1.0
39,902,1.0
39,903,1.0
40,41,1.0
40,42,1.0
40,43,1.0
40,44,1.0
40,45,1.0
40,46,1.0
40,47,1.0
41,42,1.0
41,43,1.0
41,44,1.0
41,45,1.0
41,46,1.0
41,47,1.0
42,43,1.0
42,44,1.0
42,45,1.0
42,46,1.0
42,47,1.0
42,49,1.0
42,50,1.0
42,51,1.0
42,52,1.0
43,44,1.0
43,45,1.0
43,46,1.0
43,47,1.0
44,45,1.0
44,46,1.0
44,47,1.0
44,49,1.0
44,50,1.0
44,51,1.0
44,52,1.0
44,95,1.0
44,331,1.0
44,902,1.0
44,903,1.0
45,46,1.0
45,47,1.0
46,47,1.0
48,94,5.0
48,95,9.0
48,98,5.0
48,99,4.0
48,100,1.0
48,122,1.0
48,131,1.0
48,132,11.0
48,331,1.0
48,498,1.0
48,652,1.0
48,999,1.0
48,1025,1.0
48,1026,1.0
48,1027,1.0
49,50,1.0
49,51,1.0
49,52,1.0
50,51,1.0
50,52,1.0
51,52,1.0
53,219,1.0
53,220,1.0
53,310,6.0
54,55,1.0
54,56,1.0
57,58,1.0
57,59,1.0
57,60,1.0
57,61,1.0
57,62,1.0
57,63,1.0
57,64,1.0
58,59,1.0
58,60,1.0
58,61,1.0
58,62,1.0
58,63,1.0
58,64,1.0
58,224,1.0
58,703,1.0
58,704,1.0
58,705,1.0
59,60,1.0
59,61,1.0
59,62,1.0
59,63,1.0
59,64,1.0
60,61,1.0
60,62,1.0
60,63,1.0
60,64,1.0
61,62,1.0
61,63,1.0
61,64,1.0
62,63,1.0
62,64,1.0
63,64,1.0
63,221,1.0
63,222,1.0
63,223,1.0
65,66,1.0
65,67,1.0
65,68,1.0
65,69,1.0
65,70,1.0
65,71,1.0
65,72,1.0
66,67,1.0
66,68,1.0
66,69,1.0
66,70,1.0
66,71,1.0
66,72,1.0
67,68,1.0
67,69,1.0
67,70,1.0
67,71,1.0
67,72,1.0
68,69,1.0
68,70,1.0
68,71,1.0
68,72,1.0
69,70,1.0
69,71,1.0
69,72,1.0
70,71,1.0
70,72,1.0
71,72,1.0
71,84,1.0
71,90,1.0
71,91,1.0
71,92,1.0
71,93,1.0
71,309,4.0
71,310,1.0
71,456,5.0
71,457,1.0
71,462,1.0
71,463,1.0
71,464,1.0
71,465,1.0
71,466,1.0
71,467,1.0
71,468,1.0
71,469,1.0
71,470,1.0
71,483,12.0
71,495,1.0
71,878,1.0
71,879,1.0
71,880,1.0
73,74,1.0
73,75,1.0
73,76,1.0
73,77,1.0
73,78,1.0
73,79,1.0
73,80,1.0
73,81,1.0
73,82,1.0
73,83,1.0
74,75,1.0
74,76,1.0
74,77,1.0
74,78,1.0
74,79,1.0
74,80,1.0
74,81,1.0
74,82,1.0
74,83,1.0
75,76,1.0
75,77,1.0
75,78,1.0
75,79,1.0
75,80,1.0
75,81,1.0
75,82,1.0
75,83,1.0
76,77,1.0
76,78,1.0
76,79,1.0
76,80,1.0
76,81,1.0
76,82,1.0
76,83,1.0
77,78,1.0
77,79,1.0
77,80,1.0
77,81,1.0
77,82,1.0
77,83,1.0
78,79,1.0
78,80,1.0
78,81,1.0
78,82,1.0
78,83,1.0
79,80,1.0
79,81,1.0
79,82,1.0
79,83,1.0
80,81,1.0
80,82,1.0
80,83,1.0
81,82,1.0
81,83,1.0
82,83,1.0
84,85,6.0
84,86,2.0
84,233,1.0
84,248,3.0
84,267,2.0
84,288,1.0
84,410,1.0
84,424,1.0
84,456,2.0
84,487,1.0
84,496,1.0
84,573,1.0
84,593,1.0
84,742,1.0
84,780,1.0
84,843,1.0
84,878,1.0
84,879,1.0
84,880,1.0
85,86,6.0
85,95,2.0
85,99,2.0
85,101,2.0
85,529,1.0
85,649,1.0
85,650,1.0
86,248,1.0
86,267,17.0
86,288,1.0
86,424,4.0
86,456,1.0
86,458,1.0
86,459,1.0
86,460,1.0
86,461,1.0
86,483,1.0
86,488,1.0
86,702,1.0
86,736,1.0
86,742,1.0
86,760,1.0
86,779,1.0
86,780,1.0
86,781,1.0
86,782,1.0
86,783,1.0
86,784,1.0
86,785,1.0
86,786,1.0
86,787,1.0
86,788,1.0
86,789,1.0
86,790,1.0
86,791,1.0
86,843,1.0
86,886,2.0
86,887,2.0
86,888,2.0
86,889,1.0
86,890,1.0
86,891,1.0
86,892,1.0
86,940,1.0
86,941,1.0
86,942,1.0
86,943,1.0
86,944,1.0
86,945,1.0
86,946,1.0
86,947,1.0
86,948,1.0
86,949,1.0
86,950,1.0
86,951,1.0
86,952,1.0
86,953,1.0
86,954,1.0
86,955,1.0
86,977,1.0
86,981,1.0
86,982,1.0
86,992,1.0
86,993,1.0
86,994,1.0
86,995,1.0
87,88,1.0
87,89,1.0
88,89,1.0
90,91,1.0
90,92,1.0
90,93,1.0
91,92,1.0
91,93,1.0
91,95,4.0
91,96,1.0
91,99,1.0
91,100,2.0
91,130,1.0
91,310,1.0
91,456,1.0
91,457,1.0
91,495,1.0
91,667,3.0
91,1000,2.0
92,93,1.0
92,310,1.0
92,456,1.0
92,457,1.0
92,495,1.0
94,95,38.0
94,96,9.0
94,99,4.0
94,100,6.0
94,118,1.0
94,119,1.0
94,120,1.0
94,323,6.0
94,530,1.0
94,531,1.0
94,828,3.0
94,907,2.0
94,1000,3.0
95,96,4.0
95,98,2.0
95,99,4.0
95,100,7.0
95,101,6.0
95,102,2.0
95,103,2.0
95,104,6.0
95,105,2.0
95,106,1.0
95,107,1.0
95,108,1.0
95,109,1.0
95,110,1.0
95,111,1.0
95,112,1.0
95,113,1.0
95,114,1.0
95,115,1.0
95,116,1.0
95,117,1.0
95,118,3.0
95,119,2.0
95,120,2.0
95,121,1.0
95,122,13.0
95,123,1.0
95,124,1.0
95,130,20.0
95,131,6.0
95,132,3.0
95,133,16.0
95,171,2.0
95,173,1.0
95,184,5.0
95,281,1.0
95,310,10.0
95,313,2.0
95,314,2.0
95,315,2.0
95,316,2.0
95,317,2.0
95,318,2.0
95,319,1.0
95,320,1.0
95,322,2.0
95,323,4.0
95,324,1.0
95,325,1.0
95,326,1.0
95,327,1.0
95,328,2.0
95,330,2.0
95,331,3.0
95,382,3.0
95,383,2.0
95,498,6.0
95,506,4.0
95,507,2.0
95,511,1.0
95,512,1.0
95,513,1.0
95,514,1.0
95,529,2.0
95,530,1.0
95,531,1.0
95,649,2.0
95,650,2.0
95,656,1.0
95,657,1.0
95,658,1.0
95,659,1.0
95,660,1.0
95,661,1.0
95,662,1.0
95,663,1.0
95,664,1.0
95,665,1.0
95,666,1.0
95,668,1.0
95,672,1.0
95,673,1.0
95,674,1.0
95,675,1.0
95,679,1.0
95,680,1.0
95,681,4.0
95,792,8.0
95,793,2.0
95,797,2.0
95,808,2.0
95,809,1.0
95,810,1.0
95,811,1.0
95,828,3.0
95,829,2.0
95,830,2.0
95,831,2.0
95,832,2.0
95,834,1.0
95,835,1.0
95,836,1.0
95,897,2.0
95,898,2.0
95,899,2.0
95,900,2.0
95,902,1.0
95,903,1.0
95,904,5.0
95,907,2.0
95,956,1.0
95,961,1.0
95,983,1.0
95,984,1.0
95,985,1.0
95,990,1.0
95,997,1.0
95,998,1.0
95,999,1.0
95,1000,2.0
95,1024,2.0
95,1029,3.0
95,1039,1.0
96,99,2.0
96,100,2.0
96,101,4.0
96,102,1.0
96,103,1.0
96,104,1.0
96,105,1.0
96,122,6.0
96,130,2.0
96,133,4.0
96,281,1.0
96,318,2.0
96,323,2.0
96,828,3.0
96,956,1.0
96,957,1.0
96,985,2.0
96,1000,2.0
96,1024,2.0
98,99,4.0
98,106,1.0
98,107,1.0
98,108,1.0
98,109,1.0
98,110,1.0
98,111,1.0
98,112,1.0
98,113,1.0
98,114,1.0
98,115,1.0
98,116,1.0
98,117,1.0
98,122,2.0
98,131,3.0
98,132,5.0
98,331,2.0
98,498,2.0
98,529,1.0
98,651,2.0
98,652,2.0
98,661,1.0
98,662,1.0
98,663,1.0
98,664,1.0
98,665,1.0
98,666,1.0
98,809,1.0
98,810,1.0
98,811,1.0
98,838,1.0
98,839,1.0
98,840,1.0
98,841,1.0
98,842,1.0
98,964,2.0
98,965,2.0
98,966,2.0
98,986,2.0
98,987,2.0
98,999,1.0
99,100,4.0
99,101,6.0
99,102,1.0
99,103,1.0
99,104,5.0
99,105,1.0
99,118,1.0
99,121,1.0
99,122,4.0
99,123,1.0
99,124,1.0
99,130,16.0
99,131,6.0
99,132,2.0
99,173,1.0
99,174,1.0
99,175,1.0
99,176,2.0
99,177,1.0
99,178,1.0
99,179,1.0
99,180,1.0
99,181,1.0
99,182,1.0
99,183,1.0
99,184,3.0
99,227,1.0
99,248,1.0
99,288,1.0
99,313,1.0
99,314,1.0
99,315,1.0
99,316,1.0
99,317,1.0
99,318,1.0
99,319,1.0
99,320,1.0
99,321,1.0
99,327,1.0
99,328,3.0
99,329,1.0
99,330,1.0
99,331,2.0
99,382,2.0
99,383,6.0
99,483,1.0
99,498,5.0
99,507,2.0
99,510,1.0
99,511,1.0
99,512,1.0
99,513,1.0
99,514,1.0
99,515,2.0
99,516,1.0
99,529,2.0
99,648,1.0
99,649,2.0
99,650,2.0
99,652,1.0
99,668,1.0
99,681,2.0
99,682,1.0
99,683,1.0
99,695,1.0
99,809,1.0
99,810,1.0
99,811,1.0
99,829,1.0
99,830,1.0
99,831,1.0
99,832,1.0
99,833,1.0
99,904,5.0
99,905,1.0
99,906,2.0
99,907,5.0
99,956,1.0
99,985,1.0
99,997,1.0
99,998,1.0
99,999,1.0
99,1000,2.0
99,1001,1.0
99,1005,1.0
99,1006,1.0
99,1007,1.0
99,1008,1.0
99,1009,1.0
99,1010,1.0
99,1011,1.0
99,1012,1.0
99,1024,2.0
99,1029,3.0
99,1033,1.0
99,1039,2.0
99,1040,1.0
100,118,1.0
100,130,3.0
100,310,1.0
100,1000,4.0
101,102,2.0
101,103,2.0
101,104,2.0
101,105,2.0
101,130,3.0
101,313,2.0
101,314,2.0
101,315,2.0
101,316,2.0
101,317,2.0
101,318,2.0
101,382,2.0
101,510,1.0
101,529,2.0
101,649,3.0
101,650,2.0
101,907,1.0
101,1001,1.0
101,1033,1.0
102,103,1.0
102,104,1.0
102,105,1.0
103,104,1.0
103,105,1.0
103,121,1.0
103,122,1.0
103,123,1.0
103,124,1.0
104,105,1.0
105,130,1.0
106,107,1.0
106,108,1.0
106,109,1.0
106,110,1.0
106,111,1.0
106,112,1.0
106,113,1.0
106,114,1.0
106,115,1.0
106,116,1.0
106,117,1.0
107,108,1.0
107,109,1.0
107,110,1.0
107,111,1.0
107,112,1.0
107,113,1.0
107,114,1.0
107,115,1.0
107,116,1.0
107,117,1.0
108,109,1.0
108,110,1.0
108,111,1.0
108,112,1.0
108,113,1.0
108,114,1.0
108,115,1.0
108,116,1.0
108,117,1.0
109,110,1.0
109,111,1.0
109,112,1.0
109,113,1.0
109,114,1.0
109,115,1.0
109,116,1.0
109,117,1.0
110,111,1.0
110,112,1.0
110,113,1.0
110,114,1.0
110,115,1.0
110,116,1.0
110,117,1.0
111,112,1.0
111,113,1.0
111,114,1.0
111,115,1.0
111,116,1.0
111,117,1.0
112,113,1.0
112,114,1.0
112,115,1.0
112,116,1.0
112,117,1.0
113,114,1.0
113,115,1.0
113,116,1.0
113,117,1.0
114,115,1.0
114,116,1.0
114,117,1.0
115,116,1.0
115,117,1.0
116,117,1.0
118,498,2.0
118,826,3.0
119,120,1.0
119,131,4.0
119,133,4.0
119,334,4.0
119,335,4.0
120,133,7.0
120,528,1.0
121,122,1.0
121,123,1.0
121,124,1.0
121,514,1.0
121,1040,1.0
122,123,1.0
122,124,1.0
122,331,2.0
122,382,2.0
122,498,2.0
122,652,2.0
122,805,1.0
122,806,1.0
122,807,1.0
122,808,3.0
122,957,3.0
122,997,2.0
122,998,2.0
122,999,2.0
122,1000,2.0
123,124,1.0
125,126,1.0
125,127,1.0
125,128,1.0
125,129,1.0
125,130,1.0
126,127,1.0
126,128,1.0
126,129,1.0
126,130,1.0
127,128,1.0
127,129,1.0
127,130,1.0
128,129,1.0
128,130,1.0
129,130,1.0
130,267,1.0
130,313,1.0
130,314,1.0
130,315,1.0
130,316,1.0
130,317,1.0
130,318,1.0
130,332,1.0
130,333,1.0
130,382,4.0
130,383,1.0
130,455,1.0
130,485,1.0
130,486,1.0
130,510,1.0
130,681,2.0
130,693,1.0
130,694,1.0
130,907,6.0
130,1000,2.0
130,1001,1.0
131,133,1.0
131,334,1.0
131,335,1.0
131,507,2.0
131,515,2.0
131,529,6.0
131,647,1.0
131,648,1.0
131,809,3.0
131,810,3.0
131,811,3.0
131,833,1.0
131,834,1.0
131,836,1.0
131,910,2.0
131,911,2.0
131,1011,1.0
131,1012,1.0
131,1025,1.0
131,1026,1.0
131,1027,1.0
131,1030,2.0
131,1031,1.0
133,281,4.0
133,334,1.0
133,335,1.0
133,528,2.0
133,834,1.0
133,835,1.0
133,959,1.0
133,960,1.0
133,961,1.0
133,962,1.0
133,963,1.0
133,983,1.0
133,984,1.0
134,135,1.0
134,136,1.0
134,137,1.0
134,138,1.0
134,139,1.0
134,140,1.0
134,141,1.0
134,142,1.0
134,143,1.0
134,144,1.0
134,145,1.0
134,146,1.0
134,147,1.0
134,148,1.0
134,149,1.0
134,150,1.0
134,151,1.0
134,152,1.0
134,153,1.0
134,154,1.0
134,155,1.0
134,156,1.0
134,157,1.0
134,158,1.0
134,159,1.0
134,160,1.0
134,161,1.0
134,162,1.0
134,163,1.0
134,164,1.0
134,165,1.0
134,166,1.0
134,167,1.0
134,168,1.0
134,169,1.0
134,170,1.0
135,136,1.0
135,137,1.0
135,138,1.0
135,139,1.0
135,140,1.0
135,141,1.0
135,142,1.0
135,143,1.0
135,144,1.0
135,145,1.0
135,146,1.0
135,147,1.0
135,148,1.0
135,149,1.0
135,150,1.0
135,151,1.0
135,152,1.0
135,153,1.0
135,154,1.0
135,155,1.0
135,156,1.0
135,157,1.0
135,158,1.0
135,159,1.0
135,160,1.0
135,161,1.0
135,162,1.0
135,163,1.0
135,164,1.0
135,165,1.0
135,166,1.0
135,167,1.0
135,168,1.0
135,169,1.0
135,170,1.0
136,137,1.0
136,138,1.0
136,139,1.0
136,140,1.0
136,141,1.0
136,142,1.0
136,143,1.0
136,144,1.0
136,145,1.0
136,146,1.0
136,147,1.0
136,148,1.0
136,149,1.0
136,150,1.0
136,151,1.0
136,152,1.0
136,153,1.0
136,154,1.0
136,155,1.0
136,156,1.0
136,157,1.0
136,158,1.0
136,159,1.0
136,160,1.0
136,161,1.0
136,162,1.0
136,163,1.0
136,164,1.0
136,165,1.0
136,166,1.0
136,167,1.0
136,168,1.0
136,169,1.0
136,170,1.0
137,138,1.0
137,139,1.0
137,140,1.0
137,141,1.0
137,142,1.0
137,143,1.0
137,144,1.0
137,145,1.0
137,146,1.0
137,147,1.0
137,148,1.0
137,149,1.0
137,150,1.0
137,151,1.0
137,152,1.0
137,153,1.0
137,154,1.0
137,155,1.0
137,156,1.0
137,157,1.0
137,158,1.0
137,159,1.0
137,160,1.0
137,161,1.0
137,162,1.0
137,163,1.0
137,164,1.0
137,165,1.0
137,166,1.0
137,167,1.0
137,168,1.0
137,169,1.0
137,170,1.0
138,139,1.0
138,140,1.0
138,141,1.0
138,142,1.0
138,143,1.0
138,144,1.0
138,145,1.0
138,146,1.0
138,147,1.0
138,148,1.0
138,149,1.0
138,150,1.0
138,151,1.0
138,152,1.0
138,153,1.0
138,154,1.0
138,155,1.0
138,156,1.0
138,157,1.0
138,158,1.0
138,159,1.0
138,160,1.0
138,161,1.0
138,162,1.0
138,163,1.0
138,164,1.0
138,165,1.0
138,166,1.0
138,167,1.0
138,168,1.0
138,169,1.0
138,170,1.0
139,140,1.0
139,141,1.0
139,142,1.0
139,143,1.0
139,144,1.0
139,145,1.0
139,146,1.0
139,147,1.0
139,148,1.0
139,149,1.0
139,150,1.0
139,151,1.0
139,152,1.0
139,153,1.0
139,154,1.0
139,155,1.0
139,156,1.0
139,157,1.0
139,158,1.0
139,159,1.0
139,160,1.0
139,161,1.0
139,162,1.0
139,163,1.0
139,164,1.0
139,165,1.0
139,166,1.0
139,167,1.0
139,168,1.0
139,169,1.0
139,170,1.0
140,141,1.0
140,142,1.0
140,143,1.0
140,144,1.0
140,145,1.0
140,146,1.0
140,147,1.0
140,148,1.0
140,149,1.0
140,150,1.0
140,151,1.0
140,152,1.0
140,153,1.0
140,154,1.0
140,155,1.0
140,156,1.0
140,157,1.0
140,158,1.0
140,159,1.0
140,160,1.0
140,161,1.0
140,162,1.0
140,163,1.0
140,164,1.0
140,165,1.0
140,166,1.0
140,167,1.0
140,168,1.0
140,169,1.0
140,170,1.0
141,142,1.0
141,143,1.0
141,144,1.0
141,145,1.0
141,146,1.0
141,147,1.0
141,148,1.0
141,149,1.0
141,150,1.0
141,151,1.0
141,152,1.0
141,153,1.0
141,154,1.0
141,155,1.0
141,156,1.0
141,157,1.0
141,158,1.0
141,159,1.0
141,160,1.0
141,161,1.0
141,162,1.0
141,163,1.0
141,164,1.0
141,165,1.0
141,166,1.0
141,167,1.0
141,168,1.0
141,169,1.0
141,170,1.0
142,143,1.0
142,144,1.0
142,145,1.0
142,146,1.0
142,147,1.0
142,148,1.0
142,149,1.0
142,150,1.0
142,151,1.0
142,152,1.0
142,153,1.0
142,154,1.0
142,155,1.0
142,156,1.0
142,157,1.0
142,158,1.0
142,159,1.0
142,160,1.0
142,161,1.0
142,162,1.0
142,163,1.0
142,164,1.0
142,165,1.0
142,166,1.0
142,167,1.0
142,168,1.0
142,169,1.0
142,170,1.0
143,144,1.0
143,145,1.0
143,146,1.0
143,147,1.0
143,148,1.0
143,149,1.0
143,150,1.0
143,151,1.0
143,152,1.0
143,153,1.0
143,154,1.0
143,155,1.0
143,156,1.0
143,157,1.0
143,158,1.0
143,159,1.0
143,160,1.0
143,161,1.0
143,162,1.0
143,163,1.0
143,164,1.0
143,165,1.0
143,166,1.0
143,167,1.0
143,168,1.0
143,169,1.0
143,170,1.0
144,145,1.0
144,146,1.0
144,147,1.0
144,148,1.0
144,149,1.0
144,150,1.0
144,151,1.0
144,152,1.0
144,153,1.0
144,154,1.0
144,155,1.0
144,156,1.0
144,157,1.0
144,158,1.0
144,159,1.0
144,160,1.0
144,161,1.0
144,162,1.0
144,163,1.0
144,164,1.0
144,165,1.0
144,166,1.0
144,167,1.0
144,168,1.0
144,169,1.0
144,170,1.0
145,146,1.0
145,147,1.0
145,148,1.0
145,149,1.0
145,150,1.0
145,151,1.0
145,152,1.0
145,153,1.0
145,154,1.0
145,155,1.0
145,156,1.0
145,157,1.0
145,158,1.0
145,159,1.0
145,160,1.0
145,161,1.0
145,162,1.0
145,163,1.0
145,164,1.0
145,165,1.0
145,166,1.0
145,167,1.0
145,168,1.0
145,169,1.0
145,170,1.0
146,147,1.0
146,148,1.0
146,149,1.0
146,150,1.0
146,151,1.0
146,152,1.0
146,153,1.0
146,154,1.0
146,155,1.0
146,156,1.0
146,157,1.0
146,158,1.0
146,159,1.0
146,160,1.0
146,161,1.0
146,162,1.0
146,163,1.0
146,164,1.0
146,165,1.0
146,166,1.0
146,167,1.0
146,168,1.0
146,169,1.0
146,170,1.0
147,148,1.0
147,149,1.0
147,150,1.0
147,151,1.0
147,152,1.0
147,153,1.0
147,154,1.0
147,155,1.0
147,156,1.0
147,157,1.0
147,158,1.0
147,159,1.0
147,160,1.0
147,161,1.0
147,162,1.0
147,163,1.0
147,164,1.0
147,165,1.0
147,166,1.0
147,167,1.0
147,168,1.0
147,169,1.0
147,170,1.0
148,149,1.0
148,150,1.0
148,151,1.0
148,152,1.0
148,153,1.0
148,154,1.0
148,155,1.0
148,156,1.0
148,157,1.0
148,158,1.0
148,159,1.0
148,160,1.0
148,161,1.0
148,162,1.0
148,163,1.0
148,164,1.0
148,165,1.0
148,166,1.0
148,167,1.0
148,168,1.0
148,169,1.0
148,170,1.0
149,150,1.0
149,151,1.0
149,152,1.0
149,153,1.0
149,154,1.0
149,155,1.0
149,156,1.0
149,157,1.0
149,158,1.0
149,159,1.0
149,160,1.0
149,161,1.0
149,162,1.0
149,163,1.0
149,164,1.0
149,165,1.0
149,166,1.0
149,167,1.0
149,168,1.0
149,169,1.0
149,170,1.0
150,151,1.0
150,152,1.0
150,153,1.0
150,154,1.0
150,155,1.0
150,156,1.0
150,157,1.0
150,158,1.0
150,159,1.0
150,160,1.0
150,161,1.0
150,162,1.0
150,163,1.0
150,164,1.0
150,165,1.0
150,166,1.0
150,167,1.0
150,168,1.0
150,169,1.0
150,170,1.0
151,152,1.0
151,153,1.0
151,154,1.0
151,155,1.0
151,156,1.0
151,157,1.0
151,158,1.0
151,159,1.0
151,160,1.0
151,161,1.0
151,162,1.0
151,163,1.0
151,164,1.0
151,165,1.0
151,166,1.0
151,167,1.0
151,168,1.0
151,169,1.0
151,170,1.0
152,153,1.0
152,154,1.0
152,155,1.0
152,156,1.0
152,157,1.0
152,158,1.0
152,159,1.0
152,160,1.0
152,161,1.0
152,162,1.0
152,163,1.0
152,164,1.0
152,165,1.0
152,166,1.0
152,167,1.0
152,168,1.0
152,169,1.0
152,170,1.0
153,154,1.0
153,155,1.0
153,156,1.0
153,157,1.0
153,158,1.0
153,159,1.0
153,160,1.0
153,161,1.0
153,162,1.0
153,163,1.0
153,164,1.0
153,165,1.0
153,166,1.0
153,167,1.0
153,168,1.0
153,169,1.0
153,170,1.0
154,155,1.0
154,156,1.0
154,157,1.0
154,158,1.0
154,159,1.0
154,160,1.0
154,161,1.0
154,162,1.0
154,163,1.0
154,164,1.0
154,165,1.0
154,166,1.0
154,167,1.0
154,168,1.0
154,169,1.0
154,170,1.0
155,156,1.0
155,157,1.0
155,158,1.0
155,159,1.0
155,160,1.0
155,161,1.0
155,162,1.0
155,163,1.0
155,164,1.0
155,165,1.0
155,166,1.0
155,167,1.0
155,168,1.0
155,169,1.0
155,170,1.0
156,157,1.0
156,158,1.0
156,159,1.0
156,160,1.0
156,161,1.0
156,162,1.0
156,163,1.0
156,164,1.0
156,165,1.0
156,166,1.0
156,167,1.0
156,168,1.0
156,169,1.0
156,170,1.0
157,158,1.0
157,159,1.0
157,160,1.0
157,161,1.0
157,162,1.0
157,163,1.0
157,164,1.0
157,165,1.0
157,166,1.0
157,167,1.0
157,168,1.0
157,169,1.0
157,170,1.0
158,159,1.0
158,160,1.0
158,161,1.0
158,162,1.0
158,163,1.0
158,164,1.0
158,165,1.0
158,166,1.0
158,167,1.0
158,168,1.0
158,169,1.0
158,170,1.0
159,160,1.0
159,161,1.0
159,162,1.0
159,163,1.0
159,164,1.0
159,165,1.0
159,166,1.0
159,167,1.0
159,168,1.0
159,169,1.0
159,170,1.0
160,161,1.0
160,162,1.0
160,163,1.0
160,164,1.0
160,165,1.0
160,166,1.0
160,167,1.0
160,168,1.0
160,169,1.0
160,170,1.0
161,162,1.0
161,163,1.0
161,164,1.0
161,165,1.0
161,166,1.0
161,167,1.0
161,168,1.0
161,169,1.0
161,170,1.0
162,163,1.0
162,164,1.0
162,165,1.0
162,166,1.0
162,167,1.0
162,168,1.0
162,169,1.0
162,170,1.0
163,164,1.0
163,165,1.0
163,166,1.0
163,167,1.0
163,168,1.0
163,169,1.0
163,170,1.0
164,165,1.0
164,166,1.0
164,167,1.0
164,168,1.0
164,169,1.0
164,170,1.0
165,166,1.0
165,167,1.0
165,168,1.0
165,169,1.0
165,170,1.0
166,167,1.0
166,168,1.0
166,169,1.0
166,170,1.0
167,168,1.0
167,169,1.0
167,170,1.0
168,169,1.0
168,170,1.0
169,170,1.0
172,372,1.0
172,373,1.0
172,374,1.0
172,500,4.0
172,501,4.0
173,174,1.0
173,175,1.0
173,176,1.0
173,177,1.0
173,178,1.0
173,179,1.0
173,180,1.0
173,181,1.0
173,182,1.0
173,183,1.0
173,184,1.0
173,321,1.0
173,668,1.0
174,175,1.0
174,176,1.0
174,177,1.0
174,178,1.0
174,179,1.0
174,180,1.0
174,181,1.0
174,182,1.0
174,183,1.0
174,184,1.0
174,321,1.0
175,176,1.0
175,177,1.0
175,178,1.0
175,179,1.0
175,180,1.0
175,181,1.0
175,182,1.0
175,183,1.0
175,184,1.0
175,321,1.0
176,177,1.0
176,178,1.0
176,179,1.0
176,180,1.0
176,181,1.0
176,182,1.0
176,183,1.0
176,184,1.0
176,383,1.0
176,682,1.0
176,683,1.0
177,178,1.0
177,179,1.0
177,180,1.0
177,181,1.0
177,182,1.0
177,183,1.0
177,184,1.0
178,179,1.0
178,180,1.0
178,181,1.0
178,182,1.0
178,183,1.0
178,184,1.0
179,180,1.0
179,181,1.0
179,182,1.0
179,183,1.0
179,184,1.0
180,181,1.0
180,182,1.0
180,183,1.0
180,184,1.0
181,182,1.0
181,183,1.0
181,184,1.0
182,183,1.0
182,184,1.0
183,184,1.0
184,321,1.0
184,383,3.0
184,668,1.0
184,829,1.0
184,830,1.0
184,831,1.0
184,832,1.0
185,186,1.0
185,187,1.0
185,188,1.0
186,187,1.0
186,188,1.0
187,188,1.0
189,190,1.0
189,191,1.0
189,192,1.0
189,193,1.0
189,194,1.0
189,195,1.0
189,196,1.0
189,197,1.0
190,191,1.0
190,192,1.0
190,193,1.0
190,194,1.0
190,195,1.0
190,196,1.0
190,197,1.0
191,192,1.0
191,193,1.0
191,194,1.0
191,195,1.0
191,196,1.0
191,197,1.0
192,193,1.0
192,194,1.0
192,195,1.0
192,196,1.0
192,197,1.0
192,208,1.0
192,209,1.0
192,210,1.0
192,211,1.0
192,212,1.0
192,213,1.0
192,214,1.0
192,215,1.0
192,216,1.0
193,194,1.0
193,195,1.0
193,196,1.0
193,197,1.0
194,195,1.0
194,196,1.0
194,197,1.0
195,196,1.0
195,197,1.0
196,197,1.0
198,199,1.0
198,200,1.0
198,201,1.0
198,202,1.0
198,203,1.0
198,204,1.0
198,205,1.0
199,200,1.0
199,201,1.0
199,202,1.0
199,203,1.0
199,204,1.0
199,205,1.0
200,201,1.0
200,202,1.0
200,203,1.0
200,204,1.0
200,205,1.0
201,202,1.0
201,203,1.0
201,204,1.0
201,205,1.0
202,203,1.0
202,204,1.0
202,205,1.0
203,204,1.0
203,205,1.0
204,205,1.0
206,207,1.0
208,209,1.0
208,210,1.0
208,211,1.0
208,212,1.0
208,213,1.0
208,214,1.0
208,215,1.0
208,216,1.0
209,210,1.0
209,211,1.0
209,212,1.0
209,213,1.0
209,214,1.0
209,215,1.0
209,216,1.0
210,211,1.0
210,212,1.0
210,213,1.0
210,214,1.0
210,215,1.0
210,216,1.0
211,212,1.0
211,213,1.0
211,214,1.0
211,215,1.0
211,216,1.0
212,213,1.0
212,214,1.0
212,215,1.0
212,216,1.0
213,214,1.0
213,215,1.0
213,216,1.0
214,215,1.0
214,216,1.0
215,216,1.0
217,218,1.0
219,220,1.0
221,222,1.0
221,223,1.0
222,223,1.0
222,289,1.0
222,290,1.0
222,291,1.0
222,292,1.0
222,293,1.0
222,294,1.0
222,302,1.0
222,303,1.0
222,304,1.0
222,305,1.0
223,289,1.0
223,290,1.0
223,291,1.0
223,292,1.0
223,293,1.0
223,294,1.0
223,302,1.0
223,303,1.0
223,304,1.0
223,305,1.0
224,225,1.0
224,226,1.0
224,227,1.0
224,703,1.0
224,704,1.0
224,705,1.0
225,226,1.0
225,227,1.0
226,227,1.0
227,238,1.0
227,239,1.0
227,248,7.0
227,262,1.0
227,264,1.0
227,267,10.0
227,288,1.0
227,388,1.0
227,483,1.0
227,540,1.0
227,541,1.0
227,542,1.0
227,543,1.0
227,544,1.0
227,545,1.0
227,589,4.0
227,695,1.0
227,724,1.0
227,725,1.0
227,870,5.0
227,871,5.0
227,927,1.0
227,928,1.0
227,929,1.0
227,973,1.0
228,229,1.0
230,231,1.0
230,232,1.0
230,233,1.0
230,381,1.0
231,232,1.0
231,233,1.0
231,381,1.0
232,233,1.0
233,248,2.0
233,381,1.0
233,425,1.0
233,426,1.0
233,427,1.0
233,428,1.0
233,429,1.0
233,430,1.0
233,496,1.0
233,497,1.0
233,560,1.0
233,710,1.0
233,711,1.0
233,743,1.0
233,744,1.0
233,745,1.0
233,746,1.0
234,235,7.0
234,236,1.0
234,237,1.0
235,236,7.0
235,237,7.0
235,385,2.0
235,386,2.0
235,387,2.0
235,424,22.0
235,862,2.0
235,863,1.0
235,864,1.0
235,991,2.0
236,237,1.0
236,1017,1.0
236,1019,1.0
236,1020,1.0
236,1021,1.0
236,1022,1.0
236,1023,1.0
238,239,1.0
238,240,1.0
238,259,1.0
238,260,1.0
238,261,1.0
238,262,1.0
238,263,1.0
238,264,1.0
238,265,1.0
238,266,1.0
238,541,1.0
238,542,1.0
238,544,1.0
238,545,1.0
238,583,1.0
238,721,1.0
238,722,1.0
238,723,1.0
239,240,1.0
239,262,1.0
239,264,1.0
239,388,1.0
239,540,1.0
239,541,1.0
239,542,1.0
239,543,1.0
239,544,1.0
239,545,1.0
241,242,1.0
241,243,1.0
241,244,1.0
241,245,1.0
242,243,1.0
242,244,1.0
242,245,1.0
243,244,1.0
243,245,1.0
244,245,1.0
246,247,1.0
246,248,1.0
247,248,1.0
248,288,4.0
248,295,1.0
248,296,1.0
248,297,1.0
248,298,1.0
248,299,1.0
248,300,1.0
248,301,1.0
248,350,1.0
248,355,1.0
248,356,1.0
248,357,1.0
248,358,1.0
248,379,1.0
248,404,1.0
248,405,1.0
248,406,1.0
248,407,1.0
248,408,1.0
248,409,1.0
248,410,2.0
248,411,1.0
248,424,1.0
248,483,3.0
248,487,1.0
248,496,2.0
248,497,2.0
248,573,2.0
248,582,1.0
248,589,4.0
248,593,1.0
248,594,2.0
248,595,2.0
248,619,1.0
248,620,1.0
248,621,1.0
248,622,1.0
248,623,1.0
248,624,1.0
248,625,1.0
248,626,1.0
248,627,1.0
248,628,1.0
248,629,1.0
248,630,1.0
248,631,1.0
248,632,1.0
248,633,1.0
248,695,1.0
248,706,1.0
248,707,1.0
248,708,1.0
248,709,1.0
248,742,180.0
248,870,1.0
248,871,1.0
248,877,1.0
248,878,1.0
248,881,1.0
248,882,1.0
248,883,1.0
248,936,1.0
248,937,1.0
248,938,1.0
248,939,1.0
249,250,1.0
249,251,1.0
249,252,1.0
249,253,1.0
250,251,1.0
250,252,1.0
250,253,1.0
250,282,1.0
250,283,1.0
250,284,1.0
250,285,1.0
250,286,1.0
250,287,1.0
251,252,1.0
251,253,1.0
252,253,1.0
254,255,1.0
254,256,1.0
254,257,1.0
254,258,1.0
255,256,1.0
255,257,1.0
255,258,1.0
256,257,1.0
256,258,1.0
257,258,1.0
259,260,1.0
259,261,1.0
259,262,1.0
259,263,1.0
259,264,1.0
259,265,1.0
259,266,1.0
260,261,1.0
260,262,1.0
260,263,1.0
260,264,1.0
260,265,1.0
260,266,1.0
260,541,1.0
261,262,1.0
261,263,1.0
261,264,1.0
261,265,1.0
261,266,1.0
261,540,1.0
261,541,1.0
261,865,1.0
261,866,1.0
261,867,1.0
261,868,1.0
261,869,1.0
262,263,1.0
262,264,1.0
262,265,1.0
262,266,1.0
262,388,1.0
262,389,1.0
262,390,1.0
262,391,1.0
262,392,1.0
262,540,1.0
262,541,1.0
262,542,1.0
262,543,1.0
262,544,1.0
262,545,1.0
262,583,1.0
262,721,1.0
262,722,1.0
262,723,1.0
262,865,1.0
262,866,1.0
262,867,1.0
262,868,1.0
262,869,1.0
263,264,1.0
263,265,1.0
263,266,1.0
263,540,1.0
263,541,1.0
263,865,1.0
263,866,1.0
263,867,1.0
263,868,1.0
263,869,1.0
264,265,1.0
264,266,1.0
264,388,1.0
264,540,1.0
264,541,1.0
264,542,1.0
264,543,1.0
264,544,1.0
264,545,1.0
264,721,1.0
264,722,1.0
264,723,1.0
265,266,1.0
265,541,1.0
265,542,1.0
265,544,1.0
265,545,1.0
265,583,1.0
267,332,1.0
267,455,1.0
267,488,1.0
267,760,1.0
267,873,3.0
267,874,3.0
267,875,3.0
267,876,3.0
267,912,1.0
267,913,1.0
267,918,1.0
267,919,1.0
267,920,1.0
267,933,2.0
267,934,2.0
267,935,2.0
268,269,1.0
268,270,1.0
268,271,1.0
268,272,1.0
269,270,1.0
269,271,1.0
269,272,1.0
269,534,1.0
269,535,1.0
269,536,1.0
269,537,1.0
270,271,1.0
270,272,1.0
271,272,1.0
272,534,1.0
272,535,1.0
272,536,1.0
272,537,1.0
272,538,1.0
272,539,1.0
273,274,1.0
273,275,1.0
273,276,1.0
273,277,1.0
273,278,1.0
273,279,1.0
273,280,1.0
273,281,1.0
274,275,1.0
274,276,1.0
274,277,1.0
274,278,1.0
274,279,1.0
274,280,1.0
274,281,1.0
275,276,1.0
275,277,1.0
275,278,1.0
275,279,1.0
275,280,1.0
275,281,1.0
276,277,1.0
276,278,1.0
276,279,1.0
276,280,1.0
276,281,1.0
277,278,1.0
277,279,1.0
277,280,1.0
277,281,1.0
278,279,1.0
278,280,1.0
278,281,1.0
279,280,1.0
279,281,1.0
280,281,1.0
281,566,1.0
281,698,1.0
281,699,1.0
281,700,1.0
282,283,1.0
282,284,1.0
282,285,1.0
282,286,1.0
282,287,1.0
283,284,1.0
283,285,1.0
283,286,1.0
283,287,1.0
283,559,1.0
284,285,1.0
284,286,1.0
284,287,1.0
285,286,1.0
285,287,1.0
286,287,1.0
288,350,1.0
288,355,1.0
288,356,2.0
288,357,1.0
288,358,1.0
288,410,1.0
288,424,2.0
288,471,2.0
288,472,2.0
288,473,2.0
288,474,2.0
288,475,2.0
288,476,2.0
288,483,1.0
288,487,1.0
288,488,2.0
288,489,2.0
288,573,1.0
288,593,1.0
288,596,2.0
288,597,2.0
288,598,2.0
288,599,2.0
288,600,2.0
288,602,2.0
288,603,2.0
288,604,1.0
288,605,1.0
288,695,1.0
288,696,2.0
288,697,2.0
288,737,2.0
288,738,2.0
288,739,2.0
288,740,2.0
288,741,2.0
288,884,2.0
288,885,2.0
289,290,1.0
289,291,1.0
289,292,1.0
289,293,1.0
289,294,1.0
290,291,1.0
290,292,1.0
290,293,1.0
290,294,1.0
291,292,1.0
291,293,1.0
291,294,1.0
292,293,1.0
292,294,1.0
293,294,1.0
295,296,1.0
295,297,1.0
295,298,1.0
295,299,1.0
295,300,1.0
295,301,1.0
296,297,1.0
296,298,1.0
296,299,1.0
296,300,1.0
296,301,1.0
297,298,1.0
297,299,1.0
297,300,1.0
297,301,1.0
298,299,1.0
298,300,1.0
298,301,1.0
299,300,1.0
299,301,1.0
300,301,1.0
302,303,1.0
302,304,1.0
302,305,1.0
303,304,1.0
303,305,1.0
304,305,1.0
304,808,2.0
306,307,1.0
306,308,1.0
307,308,1.0
309,464,2.0
309,465,2.0
309,466,2.0
309,467,2.0
309,468,2.0
309,469,2.0
309,470,2.0
310,456,1.0
310,457,1.0
310,812,3.0
310,813,3.0
310,814,3.0
311,312,1.0
313,314,1.0
313,315,1.0
313,316,1.0
313,317,1.0
313,318,1.0
314,315,1.0
314,316,1.0
314,317,1.0
314,318,1.0
315,316,1.0
315,317,1.0
315,318,1.0
315,327,1.0
316,317,1.0
316,318,1.0
316,327,1.0
317,318,1.0
318,985,1.0
319,320,1.0
322,323,3.0
322,501,1.0
322,532,1.0
322,533,1.0
322,653,1.0
322,654,1.0
322,655,1.0
322,815,2.0
322,816,6.0
322,817,2.0
322,818,2.0
322,819,2.0
322,901,2.0
322,990,2.0
322,1003,2.0
324,325,1.0
324,326,1.0
325,326,1.0
328,329,2.0
328,330,9.0
328,331,6.0
328,382,1.0
328,499,1.0
328,516,2.0
328,827,1.0
328,905,1.0
329,330,1.0
330,331,5.0
330,382,1.0
330,516,1.0
331,382,2.0
331,498,2.0
331,499,1.0
331,516,2.0
331,651,1.0
331,652,1.0
331,827,1.0
331,902,1.0
331,903,1.0
331,905,2.0
331,986,1.0
331,987,1.0
331,997,1.0
331,998,1.0
331,999,1.0
332,333,1.0
332,455,1.0
332,485,1.0
332,486,1.0
334,335,1.0
336,337,1.0
336,338,1.0
336,339,1.0
336,340,1.0
336,341,1.0
336,342,1.0
336,343,1.0
336,344,1.0
336,345,1.0
336,346,1.0
336,347,1.0
337,338,1.0
337,339,1.0
337,340,1.0
337,341,1.0
337,342,1.0
337,343,1.0
337,344,1.0
337,345,1.0
337,346,1.0
337,347,1.0
338,339,1.0
338,340,1.0
338,341,1.0
338,342,1.0
338,343,1.0
338,344,1.0
338,345,1.0
338,346,1.0
338,347,1.0
339,340,1.0
339,341,1.0
339,342,1.0
339,343,1.0
339,344,1.0
339,345,1.0
339,346,1.0
339,347,1.0
340,341,1.0
340,342,1.0
340,343,1.0
340,344,1.0
340,345,1.0
340,346,1.0
340,347,1.0
341,342,1.0
341,343,1.0
341,344,1.0
341,345,1.0
341,346,1.0
341,347,1.0
342,343,1.0
342,344,1.0
342,345,1.0
342,346,1.0
342,347,1.0
343,344,1.0
343,345,1.0
343,346,1.0
343,347,1.0
344,345,1.0
344,346,1.0
344,347,1.0
345,346,1.0
345,347,1.0
346,347,1.0
348,349,1.0
348,350,1.0
348,351,1.0
348,352,1.0
348,353,1.0
348,354,1.0
349,350,1.0
349,351,1.0
349,352,1.0
349,353,1.0
349,354,1.0
350,351,1.0
350,352,1.0
350,353,1.0
350,354,1.0
350,355,1.0
350,356,1.0
350,357,1.0
350,358,1.0
351,352,1.0
351,353,1.0
351,354,1.0
352,353,1.0
352,354,1.0
353,354,1.0
355,356,1.0
355,357,1.0
355,358,1.0
356,357,1.0
356,358,1.0
356,488,1.0
356,489,1.0
356,599,1.0
356,696,1.0
356,697,1.0
357,358,1.0
359,360,1.0
359,361,1.0
359,362,1.0
359,363,1.0
360,361,1.0
360,362,1.0
360,363,1.0
361,362,1.0
361,363,1.0
362,363,1.0
366,367,1.0
366,368,1.0
366,369,1.0
367,368,1.0
367,369,1.0
368,369,1.0
372,373,1.0
372,374,1.0
373,374,1.0
375,376,1.0
375,377,1.0
375,378,1.0
375,379,1.0
375,380,1.0
376,377,1.0
376,378,1.0
376,379,1.0
376,380,1.0
377,378,1.0
377,379,1.0
377,380,1.0
378,379,1.0
378,380,1.0
379,380,1.0
379,706,1.0
379,707,1.0
379,708,1.0
379,709,1.0
382,498,1.0
382,904,5.0
382,997,1.0
382,998,1.0
382,999,1.0
382,1000,1.0
383,515,6.0
383,682,1.0
383,683,1.0
383,906,1.0
385,386,1.0
385,387,1.0
386,387,1.0
388,389,1.0
388,390,1.0
388,391,1.0
388,392,1.0
388,540,1.0
388,541,1.0
388,542,1.0
388,543,1.0
388,544,1.0
388,545,1.0
389,390,1.0
389,391,1.0
389,392,1.0
390,391,1.0
390,392,1.0
391,392,1.0
393,394,1.0
393,395,1.0
393,396,1.0
394,395,1.0
394,396,1.0
395,396,1.0
397,398,1.0
397,399,1.0
397,400,1.0
397,401,1.0
398,399,1.0
398,400,1.0
398,401,1.0
399,400,1.0
399,401,1.0
400,401,1.0
400,431,1.0
400,432,1.0
400,433,1.0
400,448,1.0
400,449,1.0
400,450,1.0
402,403,1.0
404,405,1.0
404,406,1.0
404,407,1.0
404,408,1.0
404,409,1.0
404,410,1.0
404,411,1.0
405,406,1.0
405,407,1.0
405,408,1.0
405,409,1.0
405,410,1.0
405,411,1.0
406,407,1.0
406,408,1.0
406,409,1.0
406,410,1.0
406,411,1.0
406,573,1.0
406,582,1.0
406,619,1.0
406,620,1.0
406,621,1.0
406,622,1.0
406,623,1.0
406,624,1.0
406,625,1.0
406,626,1.0
406,627,1.0
406,628,1.0
406,629,1.0
406,630,1.0
406,631,1.0
406,632,1.0
406,633,1.0
407,408,1.0
407,409,1.0
407,410,1.0
407,411,1.0
407,573,1.0
407,582,1.0
407,619,1.0
407,620,1.0
407,621,1.0
407,622,1.0
407,623,1.0
407,624,1.0
407,625,1.0
407,626,1.0
407,627,1.0
407,628,1.0
407,629,1.0
407,630,1.0
407,631,1.0
407,632,1.0
407,633,1.0
408,409,1.0
408,410,1.0
408,411,1.0
409,410,1.0
409,411,1.0
410,411,1.0
410,487,1.0
410,573,1.0
410,593,1.0
412,413,1.0
412,414,1.0
412,415,1.0
412,416,1.0
412,417,1.0
412,418,1.0
412,419,1.0
412,420,1.0
412,421,1.0
412,422,1.0
412,423,1.0
413,414,1.0
413,415,1.0
413,416,1.0
413,417,1.0
413,418,1.0
413,419,1.0
413,420,1.0
413,421,1.0
413,422,1.0
413,423,1.0
414,415,1.0
414,416,1.0
414,417,1.0
414,418,1.0
414,419,1.0
414,420,1.0
414,421,1.0
414,422,1.0
414,423,1.0
415,416,1.0
415,417,1.0
415,418,1.0
415,419,1.0
415,420,1.0
415,421,1.0
415,422,1.0
415,423,1.0
416,417,1.0
416,418,1.0
416,419,1.0
416,420,1.0
416,421,1.0
416,422,1.0
416,423,1.0
417,418,1.0
417,419,1.0
417,420,1.0
417,421,1.0
417,422,1.0
417,423,1.0
418,419,1.0
418,420,1.0
418,421,1.0
418,422,1.0
418,423,1.0
419,420,1.0
419,421,1.0
419,422,1.0
419,423,1.0
420,421,1.0
420,422,1.0
420,423,1.0
421,422,1.0
421,423,1.0
422,423,1.0
424,456,1.0
424,483,1.0
424,742,1.0
424,747,1.0
424,748,1.0
424,749,1.0
424,750,1.0
424,751,1.0
424,752,1.0
424,753,1.0
424,779,3.0
424,780,4.0
424,781,3.0
424,782,3.0
424,783,3.0
424,784,3.0
424,785,3.0
424,786,3.0
424,787,3.0
424,788,3.0
424,789,3.0
424,790,3.0
424,791,3.0
424,843,1.0
424,878,1.0
424,881,1.0
424,882,1.0
424,883,1.0
424,884,1.0
424,885,1.0
424,889,1.0
424,890,1.0
424,891,1.0
424,892,1.0
424,893,1.0
424,894,1.0
424,895,1.0
424,896,1.0
424,992,2.0
424,993,2.0
424,994,2.0
424,995,2.0
425,426,1.0
425,427,1.0
425,428,1.0
425,429,1.0
425,430,1.0
426,427,1.0
426,428,1.0
426,429,1.0
426,430,1.0
427,428,1.0
427,429,1.0
428,429,1.0
428,560,1.0
429,430,1.0
429,560,1.0
431,432,1.0
431,433,1.0
431,448,1.0
431,449,1.0
431,450,1.0
431,546,1.0
431,547,1.0
431,548,1.0
431,549,1.0
431,550,1.0
431,551,1.0
431,552,1.0
431,581,1.0
432,433,1.0
432,546,1.0
432,552,1.0
432,581,1.0
433,547,1.0
433,548,1.0
433,549,1.0
433,550,1.0
433,551,1.0
433,552,1.0
434,435,1.0
436,437,1.0
436,438,1.0
436,439,1.0
436,440,1.0
437,438,1.0
437,439,1.0
437,440,1.0
439,440,1.0
440,441,1.0
440,442,1.0
440,443,1.0
440,444,1.0
440,726,1.0
440,727,1.0
440,728,1.0
441,442,1.0
441,443,1.0
441,444,1.0
442,443,1.0
442,444,1.0
443,444,1.0
445,446,1.0
445,447,1.0
446,447,1.0
448,449,1.0
448,450,1.0
448,552,1.0
448,553,1.0
448,554,1.0
448,555,1.0
448,556,1.0
448,557,1.0
448,558,1.0
449,450,1.0
451,452,1.0
451,453,1.0
451,454,1.0
452,453,1.0
452,454,1.0
453,454,1.0
456,457,1.0
456,742,1.0
456,878,2.0
456,879,2.0
456,880,2.0
458,459,1.0
458,460,1.0
458,461,1.0
459,460,1.0
459,461,1.0
460,461,1.0
462,463,1.0
464,465,1.0
464,466,1.0
464,467,1.0
464,468,1.0
464,469,1.0
464,470,1.0
465,466,1.0
465,467,1.0
465,468,1.0
465,469,1.0
465,470,1.0
466,467,1.0
466,468,1.0
466,469,1.0
466,470,1.0
467,468,1.0
467,469,1.0
467,470,1.0
468,469,1.0
468,470,1.0
469,470,1.0
471,472,1.0
471,473,1.0
471,474,1.0
471,475,1.0
471,476,1.0
472,473,1.0
472,474,1.0
472,475,1.0
472,476,1.0
472,596,1.0
472,597,1.0
472,602,1.0
472,603,1.0
472,604,1.0
472,605,1.0
473,474,1.0
473,475,1.0
473,476,1.0
474,475,1.0
474,476,1.0
475,476,1.0
477,478,1.0
477,479,1.0
477,480,1.0
477,481,1.0
477,482,1.0
477,483,1.0
477,484,1.0
478,479,1.0
478,480,1.0
478,481,1.0
478,482,1.0
478,483,1.0
478,484,1.0
479,480,1.0
479,481,1.0
479,482,1.0
479,483,1.0
479,484,1.0
480,481,1.0
480,482,1.0
480,483,1.0
480,484,1.0
481,482,1.0
481,483,1.0
481,484,1.0
482,483,1.0
482,484,1.0
483,484,1.0
483,634,1.0
483,635,1.0
483,636,1.0
483,637,1.0
483,638,1.0
483,639,1.0
483,695,1.0
483,730,1.0
483,731,1.0
483,732,1.0
483,733,1.0
483,734,1.0
483,735,1.0
483,754,1.0
483,755,1.0
483,756,1.0
483,757,1.0
483,758,1.0
483,759,1.0
483,878,1.0
483,881,1.0
483,882,1.0
483,883,1.0
485,486,1.0
487,488,1.0
487,489,1.0
487,573,1.0
487,593,1.0
488,489,1.0
488,599,1.0
488,696,1.0
488,697,1.0
488,760,1.0
488,761,1.0
488,762,1.0
488,763,1.0
488,764,1.0
488,765,1.0
489,599,1.0
489,696,1.0
489,697,1.0
490,491,1.0
490,492,1.0
490,493,1.0
490,494,1.0
491,492,1.0
491,493,1.0
491,494,1.0
492,493,1.0
492,494,1.0
493,494,1.0
496,497,1.0
498,552,5.0
498,640,1.0
498,641,1.0
498,642,1.0
498,643,1.0
498,652,1.0
498,793,2.0
498,794,1.0
498,795,1.0
498,796,1.0
498,797,2.0
498,798,2.0
498,799,2.0
498,800,2.0
498,801,2.0
498,802,2.0
498,803,2.0
498,804,2.0
498,997,1.0
498,998,1.0
498,999,1.0
498,1039,1.0
500,501,1.0
501,532,1.0
501,533,1.0
502,503,1.0
502,504,1.0
502,505,1.0
502,506,1.0
502,669,1.0
503,504,1.0
503,505,1.0
503,506,1.0
503,669,1.0
504,505,1.0
504,506,1.0
504,669,1.0
505,506,1.0
506,669,1.0
507,515,1.0
507,529,1.0
507,670,1.0
507,671,1.0
508,509,1.0
508,510,1.0
509,510,1.0
510,1001,1.0
510,1002,1.0
511,512,1.0
511,513,1.0
511,514,1.0
512,513,1.0
512,514,1.0
513,514,1.0
514,1040,1.0
515,670,1.0
515,671,1.0
515,684,1.0
515,685,1.0
515,686,1.0
515,687,1.0
515,688,1.0
515,689,1.0
515,690,1.0
515,837,1.0
515,1013,1.0
515,1014,1.0
515,1015,1.0
515,1016,1.0
515,1028,1.0
517,518,1.0
517,519,1.0
517,520,1.0
517,521,1.0
517,522,1.0
517,523,1.0
518,519,1.0
518,520,1.0
518,521,1.0
518,522,1.0
518,523,1.0
519,520,1.0
519,521,1.0
519,522,1.0
519,523,1.0
520,521,1.0
520,522,1.0
520,523,1.0
521,522,1.0
521,523,1.0
522,523,1.0
524,525,1.0
524,526,1.0
525,526,1.0
527,528,1.0
528,908,1.0
528,909,1.0
529,649,1.0
529,650,1.0
529,809,1.0
529,810,1.0
529,811,1.0
529,836,1.0
529,910,1.0
529,911,1.0
530,531,1.0
532,533,1.0
532,653,1.0
532,654,1.0
532,655,1.0
534,535,1.0
534,536,1.0
534,537,1.0
535,536,1.0
535,537,1.0
535,538,1.0
535,539,1.0
536,537,1.0
536,538,1.0
536,539,1.0
537,538,1.0
537,539,1.0
538,539,1.0
540,541,1.0
540,542,1.0
540,543,1.0
540,544,1.0
540,545,1.0
540,865,1.0
540,866,1.0
540,867,1.0
540,868,1.0
540,869,1.0
541,542,1.0
541,543,1.0
541,544,1.0
541,545,1.0
541,583,1.0
541,865,1.0
541,866,1.0
541,867,1.0
541,868,1.0
541,869,1.0
542,543,1.0
542,544,1.0
542,545,1.0
542,583,1.0
543,544,1.0
543,545,1.0
544,545,1.0
544,583,1.0
545,583,1.0
546,581,1.0
547,548,1.0
547,549,1.0
547,550,1.0
547,551,1.0
547,552,1.0
548,549,1.0
548,550,1.0
548,551,1.0
548,552,1.0
549,550,1.0
549,551,1.0
549,552,1.0
550,551,1.0
550,552,1.0
551,552,1.0
552,553,1.0
552,554,1.0
552,555,1.0
552,556,1.0
552,557,1.0
552,558,1.0
552,579,1.0
552,581,1.0
552,844,1.0
553,554,1.0
553,555,1.0
553,556,1.0
553,557,1.0
553,558,1.0
554,555,1.0
554,556,1.0
554,557,1.0
554,558,1.0
555,556,1.0
555,557,1.0
555,558,1.0
556,557,1.0
556,558,1.0
557,558,1.0
557,584,1.0
557,585,1.0
557,586,1.0
557,587,1.0
557,588,1.0
561,562,1.0
561,563,1.0
562,563,1.0
564,565,1.0
564,566,1.0
564,567,1.0
564,568,1.0
564,569,1.0
565,566,1.0
565,567,1.0
565,568,1.0
565,569,1.0
566,567,1.0
566,568,1.0
566,569,1.0
566,698,1.0
566,699,1.0
566,700,1.0
567,568,1.0
567,569,1.0
568,569,1.0
570,571,1.0
570,572,1.0
570,573,1.0
570,574,1.0
570,729,1.0
571,572,1.0
571,573,1.0
571,574,1.0
571,729,1.0
571,845,1.0
572,573,1.0
572,574,1.0
572,729,1.0
573,574,1.0
573,582,1.0
573,593,1.0
573,619,1.0
573,620,1.0
573,621,1.0
573,622,1.0
573,623,1.0
573,624,1.0
573,625,1.0
573,626,1.0
573,627,1.0
573,628,1.0
573,629,1.0
573,630,1.0
573,631,1.0
573,632,1.0
573,633,1.0
573,729,1.0
573,845,1.0
575,576,1.0
575,577,1.0
575,578,1.0
575,579,1.0
575,580,1.0
576,577,1.0
576,578,1.0
576,579,1.0
576,580,1.0
577,578,1.0
577,579,1.0
577,580,1.0
578,579,1.0
578,580,1.0
579,580,1.0
579,844,1.0
582,619,1.0
582,620,1.0
582,621,1.0
582,622,1.0
582,623,1.0
582,624,1.0
582,625,1.0
582,626,1.0
582,627,1.0
582,628,1.0
582,629,1.0
582,630,1.0
582,631,1.0
582,632,1.0
582,633,1.0
582,846,2.0
582,856,3.0
582,857,8.0
582,872,3.0
582,914,1.0
582,915,1.0
582,916,1.0
582,917,1.0
582,980,3.0
584,585,1.0
584,586,1.0
584,587,1.0
584,588,1.0
585,586,1.0
585,587,1.0
585,588,1.0
586,587,1.0
586,588,1.0
587,588,1.0
590,591,1.0
590,592,1.0
590,601,1.0
590,606,1.0
590,607,1.0
591,592,1.0
594,595,1.0
596,597,1.0
596,608,1.0
596,609,1.0
596,610,1.0
596,611,1.0
596,612,1.0
596,613,1.0
596,614,1.0
596,615,1.0
596,616,1.0
596,617,1.0
596,618,1.0
598,599,1.0
598,600,1.0
598,737,1.0
598,738,1.0
598,739,1.0
598,740,1.0
598,741,1.0
599,600,1.0
599,696,1.0
599,697,1.0
601,606,1.0
602,603,1.0
602,604,1.0
602,605,1.0
603,604,1.0
603,605,1.0
604,605,1.0
608,609,1.0
608,610,1.0
608,611,1.0
608,612,1.0
608,613,1.0
608,614,1.0
608,615,1.0
608,616,1.0
608,617,1.0
608,618,1.0
609,610,1.0
609,611,1.0
609,612,1.0
609,613,1.0
609,614,1.0
609,615,1.0
609,616,1.0
609,617,1.0
609,618,1.0
610,611,1.0
610,612,1.0
610,613,1.0
610,614,1.0
610,615,1.0
610,616,1.0
610,617,1.0
610,618,1.0
611,612,1.0
611,613,1.0
611,614,1.0
611,615,1.0
611,616,1.0
611,617,1.0
611,618,1.0
612,613,1.0
612,614,1.0
612,615,1.0
612,616,1.0
612,617,1.0
612,618,1.0
613,614,1.0
613,615,1.0
613,616,1.0
613,617,1.0
613,618,1.0
614,615,1.0
614,616,1.0
614,617,1.0
614,618,1.0
615,616,1.0
615,617,1.0
615,618,1.0
616,617,1.0
616,618,1.0
617,618,1.0
619,620,1.0
619,621,1.0
619,622,1.0
619,623,1.0
619,624,1.0
619,625,1.0
619,626,1.0
619,627,1.0
619,628,1.0
619,629,1.0
619,630,1.0
619,631,1.0
619,632,1.0
619,633,1.0
620,621,1.0
620,622,1.0
620,623,1.0
620,624,1.0
620,625,1.0
620,626,1.0
620,627,1.0
620,628,1.0
620,629,1.0
620,630,1.0
620,631,1.0
620,632,1.0
620,633,1.0
621,622,1.0
621,623,1.0
621,624,1.0
621,625,1.0
621,626,1.0
621,627,1.0
621,628,1.0
621,629,1.0
621,630,1.0
621,631,1.0
621,632,1.0
621,633,1.0
622,623,1.0
622,624,1.0
622,625,1.0
622,626,1.0
622,627,1.0
622,628,1.0
622,629,1.0
622,630,1.0
622,631,1.0
622,632,1.0
622,633,1.0
623,624,1.0
623,625,1.0
623,626,1.0
623,627,1.0
623,628,1.0
623,629,1.0
623,630,1.0
623,631,1.0
623,632,1.0
623,633,1.0
624,625,1.0
624,626,1.0
624,627,1.0
624,628,1.0
624,629,1.0
624,630,1.0
624,631,1.0
624,632,1.0
624,633,1.0
625,626,1.0
625,627,1.0
625,628,1.0
625,629,1.0
625,630,1.0
625,631,1.0
625,632,1.0
625,633,1.0
626,627,1.0
626,628,1.0
626,629,1.0
626,630,1.0
626,631,1.0
626,632,1.0
626,633,1.0
627,628,1.0
627,629,1.0
627,630,1.0
627,631,1.0
627,632,1.0
627,633,1.0
628,629,1.0
628,630,1.0
628,631,1.0
628,632,1.0
628,633,1.0
629,630,1.0
629,631,1.0
629,632,1.0
629,633,1.0
630,631,1.0
630,632,1.0
630,633,1.0
631,632,1.0
631,633,1.0
632,633,1.0
634,635,1.0
634,636,1.0
634,637,1.0
634,638,1.0
634,639,1.0
635,636,1.0
635,637,1.0
635,638,1.0
635,639,1.0
636,637,1.0
636,638,1.0
636,639,1.0
637,638,1.0
637,639,1.0
638,639,1.0
640,641,1.0
640,642,1.0
640,643,1.0
641,642,1.0
641,643,1.0
642,643,1.0
644,645,1.0
644,646,1.0
644,647,1.0
644,648,1.0
645,646,1.0
645,647,1.0
645,648,1.0
646,647,1.0
646,648,1.0
647,648,1.0
648,998,1.0
648,1005,1.0
648,1006,1.0
648,1007,1.0
648,1008,1.0
648,1009,1.0
648,1010,1.0
648,1011,1.0
648,1012,1.0
648,1032,1.0
649,650,1.0
651,652,1.0
651,964,1.0
651,965,1.0
651,966,1.0
651,986,1.0
651,987,1.0
652,964,1.0
652,965,1.0
652,966,1.0
652,986,1.0
652,987,1.0
652,999,1.0
653,654,1.0
653,655,1.0
654,655,1.0
656,657,1.0
656,658,1.0
656,659,1.0
656,660,1.0
656,679,1.0
656,680,1.0
657,658,1.0
657,659,1.0
657,660,1.0
657,679,1.0
657,680,1.0
658,659,1.0
658,660,1.0
658,679,1.0
658,680,1.0
659,660,1.0
661,662,1.0
661,663,1.0
661,664,1.0
661,665,1.0
661,666,1.0
662,663,1.0
662,664,1.0
662,665,1.0
662,666,1.0
663,664,1.0
663,665,1.0
663,666,1.0
664,665,1.0
664,666,1.0
665,666,1.0
672,673,1.0
672,674,1.0
672,675,1.0
673,674,1.0
673,675,1.0
674,675,1.0
676,677,1.0
676,678,1.0
677,678,1.0
679,680,1.0
682,683,1.0
684,685,1.0
684,686,1.0
684,687,1.0
684,688,1.0
684,689,1.0
684,690,1.0
684,837,1.0
685,686,1.0
685,687,1.0
685,688,1.0
685,689,1.0
685,690,1.0
685,837,1.0
686,687,1.0
686,688,1.0
686,689,1.0
686,690,1.0
686,837,1.0
687,688,1.0
687,689,1.0
687,690,1.0
687,837,1.0
688,689,1.0
688,690,1.0
689,690,1.0
689,837,1.0
690,837,1.0
691,692,1.0
693,694,1.0
696,697,1.0
698,699,1.0
698,700,1.0
699,700,1.0
701,702,1.0
702,892,1.0
702,948,1.0
702,949,1.0
702,950,1.0
702,951,1.0
702,952,1.0
702,953,1.0
703,704,1.0
703,705,1.0
704,705,1.0
706,707,1.0
706,708,1.0
706,709,1.0
707,708,1.0
707,709,1.0
708,709,1.0
710,711,1.0
713,714,1.0
713,715,1.0
713,716,1.0
714,715,1.0
714,716,1.0
715,716,1.0
717,718,1.0
717,719,1.0
717,720,1.0
718,719,1.0
718,720,1.0
719,720,1.0
721,722,1.0
721,723,1.0
722,723,1.0
724,725,1.0
726,727,1.0
726,728,1.0
727,728,1.0
730,731,1.0
730,732,1.0
730,733,1.0
730,734,1.0
730,735,1.0
731,732,1.0
731,733,1.0
731,734,1.0
731,735,1.0
732,733,1.0
732,734,1.0
732,735,1.0
733,734,1.0
733,735,1.0
734,735,1.0
737,738,1.0
737,739,1.0
737,740,1.0
737,741,1.0
738,739,1.0
738,740,1.0
738,741,1.0
739,740,1.0
739,741,1.0
740,741,1.0
742,970,1.0
742,971,1.0
742,972,1.0
743,744,1.0
743,745,1.0
743,746,1.0
744,745,1.0
744,746,1.0
745,746,1.0
747,748,1.0
747,749,1.0
747,750,1.0
747,751,1.0
747,752,1.0
747,753,1.0
748,749,1.0
748,750,1.0
748,751,1.0
748,752,1.0
748,753,1.0
749,750,1.0
749,751,1.0
749,752,1.0
749,753,1.0
750,751,1.0
750,752,1.0
750,753,1.0
751,752,1.0
751,753,1.0
752,753,1.0
754,755,1.0
754,756,1.0
754,757,1.0
754,758,1.0
754,759,1.0
755,756,1.0
755,757,1.0
755,758,1.0
755,759,1.0
756,757,1.0
756,758,1.0
756,759,1.0
757,758,1.0
757,759,1.0
758,759,1.0
760,761,1.0
760,762,1.0
760,763,1.0
761,762,1.0
761,763,1.0
762,763,1.0
763,764,1.0
763,765,1.0
764,765,1.0
766,767,1.0
766,768,1.0
766,769,1.0
766,770,1.0
766,771,1.0
766,772,1.0
766,773,1.0
766,774,1.0
766,775,1.0
766,776,1.0
766,777,1.0
766,778,1.0
767,768,1.0
767,769,1.0
767,770,1.0
767,771,1.0
767,772,1.0
767,773,1.0
767,774,1.0
767,775,1.0
767,776,1.0
767,777,1.0
767,778,1.0
768,769,1.0
768,770,1.0
768,771,1.0
768,772,1.0
768,773,1.0
768,774,1.0
768,775,1.0
768,776,1.0
768,777,1.0
768,778,1.0
769,770,1.0
769,771,1.0
769,772,1.0
769,773,1.0
769,774,1.0
769,775,1.0
769,776,1.0
769,777,1.0
769,778,1.0
770,771,1.0
770,772,1.0
770,773,1.0
770,774,1.0
770,775,1.0
770,776,1.0
770,777,1.0
770,778,1.0
771,772,1.0
771,773,1.0
771,774,1.0
771,775,1.0
771,776,1.0
771,777,1.0
771,778,1.0
772,773,1.0
772,774,1.0
772,775,1.0
772,776,1.0
772,777,1.0
772,778,1.0
773,774,1.0
773,775,1.0
773,776,1.0
773,777,1.0
773,778,1.0
774,775,1.0
774,776,1.0
774,777,1.0
774,778,1.0
775,776,1.0
775,777,1.0
775,778,1.0
776,777,1.0
776,778,1.0
777,778,1.0
779,780,1.0
779,781,1.0
779,782,1.0
779,783,1.0
779,784,1.0
779,785,1.0
779,786,1.0
779,787,1.0
779,788,1.0
779,789,1.0
779,790,1.0
779,791,1.0
780,781,1.0
780,782,1.0
780,783,1.0
780,784,1.0
780,785,1.0
780,786,1.0
780,787,1.0
780,788,1.0
780,789,1.0
780,790,1.0
780,791,1.0
780,843,1.0
780,940,1.0
780,941,1.0
780,992,1.0
780,993,1.0
780,994,1.0
780,995,1.0
781,782,1.0
781,783,1.0
781,784,1.0
781,785,1.0
781,786,1.0
781,787,1.0
781,788,1.0
781,789,1.0
781,790,1.0
781,791,1.0
781,843,1.0
781,892,1.0
781,893,1.0
781,894,1.0
781,895,1.0
781,896,1.0
782,783,1.0
782,784,1.0
782,785,1.0
782,786,1.0
782,787,1.0
782,788,1.0
782,789,1.0
782,790,1.0
782,791,1.0
783,784,1.0
783,785,1.0
783,786,1.0
783,787,1.0
783,788,1.0
783,789,1.0
783,790,1.0
783,791,1.0
784,785,1.0
784,786,1.0
784,787,1.0
784,788,1.0
784,789,1.0
784,790,1.0
784,791,1.0
784,843,1.0
784,892,1.0
784,893,1.0
784,894,1.0
784,895,1.0
784,896,1.0
785,786,1.0
785,787,1.0
785,788,1.0
785,789,1.0
785,790,1.0
785,791,1.0
785,843,1.0
785,892,1.0
785,893,1.0
785,894,1.0
785,895,1.0
785,896,1.0
786,787,1.0
786,788,1.0
786,789,1.0
786,790,1.0
786,791,1.0
787,788,1.0
787,789,1.0
787,790,1.0
787,791,1.0
788,789,1.0
788,790,1.0
788,791,1.0
789,790,1.0
789,791,1.0
790,791,1.0
793,794,1.0
793,795,1.0
793,796,1.0
793,797,1.0
793,798,1.0
793,799,1.0
793,800,1.0
793,801,1.0
793,802,1.0
793,803,1.0
793,804,1.0
794,795,1.0
794,796,1.0
794,797,1.0
795,796,1.0
795,797,1.0
796,797,1.0
797,798,1.0
797,799,1.0
797,800,1.0
797,801,1.0
797,802,1.0
797,803,1.0
797,804,1.0
798,799,1.0
798,800,1.0
798,801,1.0
798,802,1.0
798,803,1.0
798,804,1.0
799,800,1.0
799,801,1.0
799,802,1.0
799,803,1.0
799,804,1.0
800,801,1.0
800,802,1.0
800,803,1.0
800,804,1.0
801,802,1.0
801,803,1.0
801,804,1.0
802,803,1.0
802,804,1.0
803,804,1.0
805,806,1.0
805,807,1.0
806,807,1.0
808,897,1.0
809,810,1.0
809,811,1.0
810,811,1.0
812,813,1.0
812,814,1.0
813,814,1.0
815,816,2.0
815,817,1.0
815,818,1.0
815,819,1.0
816,817,2.0
816,818,2.0
816,819,2.0
817,818,1.0
817,819,1.0
818,819,1.0
820,821,1.0
820,822,1.0
820,823,1.0
820,824,1.0
820,825,1.0
821,822,1.0
821,823,1.0
821,824,1.0
821,825,1.0
822,823,1.0
822,824,1.0
822,825,1.0
823,824,1.0
823,825,1.0
824,825,1.0
829,830,1.0
829,831,1.0
829,832,1.0
830,831,1.0
830,832,1.0
831,832,1.0
834,835,1.0
834,959,1.0
834,960,1.0
834,961,1.0
834,962,1.0
834,963,1.0
834,983,1.0
834,984,1.0
838,839,1.0
838,840,1.0
838,841,1.0
838,842,1.0
839,840,1.0
839,841,1.0
839,842,1.0
840,841,1.0
840,842,1.0
841,842,1.0
843,892,1.0
843,893,1.0
843,894,1.0
843,895,1.0
843,896,1.0
846,872,1.0
848,849,1.0
848,850,1.0
848,851,1.0
848,852,1.0
848,853,1.0
848,854,1.0
848,855,1.0
848,856,1.0
849,850,1.0
849,851,1.0
849,852,1.0
849,853,1.0
849,854,1.0
849,855,1.0
849,856,1.0
850,851,1.0
850,852,1.0
850,853,1.0
850,854,1.0
850,855,1.0
850,856,1.0
851,852,1.0
851,853,1.0
851,854,1.0
851,855,1.0
851,856,1.0
852,853,1.0
852,854,1.0
852,855,1.0
852,856,1.0
853,854,1.0
853,855,1.0
853,856,1.0
854,855,1.0
854,856,1.0
855,856,1.0
856,872,1.0
856,980,1.0
858,859,1.0
858,860,1.0
858,861,1.0
858,930,1.0
858,931,1.0
858,932,1.0
859,860,1.0
859,861,1.0
860,861,1.0
862,863,1.0
862,864,1.0
862,991,1.0
863,864,1.0
865,866,1.0
865,867,1.0
865,868,1.0
865,869,1.0
866,867,1.0
866,868,1.0
866,869,1.0
867,868,1.0
867,869,1.0
868,869,1.0
870,871,1.0
872,980,1.0
873,874,1.0
873,875,1.0
873,876,1.0
874,875,1.0
874,876,1.0
875,876,1.0
875,912,1.0
875,913,1.0
875,933,1.0
875,934,1.0
875,935,1.0
878,879,1.0
878,880,1.0
878,881,1.0
878,882,1.0
878,883,1.0
879,880,1.0
881,882,1.0
881,883,1.0
882,883,1.0
884,885,1.0
886,887,1.0
886,888,1.0
887,888,1.0
889,890,1.0
889,891,1.0
890,891,1.0
892,893,1.0
892,894,1.0
892,895,1.0
892,896,1.0
892,948,1.0
892,949,1.0
892,950,1.0
892,951,1.0
892,952,1.0
892,953,1.0
893,894,1.0
893,895,1.0
893,896,1.0
894,895,1.0
894,896,1.0
895,896,1.0
898,899,1.0
898,900,1.0
899,900,1.0
902,903,1.0
908,909,1.0
910,911,1.0
912,913,1.0
914,915,1.0
914,916,1.0
914,917,1.0
915,916,1.0
915,917,1.0
916,917,1.0
918,919,1.0
918,920,1.0
919,920,1.0
921,922,1.0
921,923,1.0
921,924,1.0
921,925,1.0
921,926,1.0
922,923,1.0
922,924,1.0
922,925,1.0
922,926,1.0
923,924,1.0
923,925,1.0
923,926,1.0
924,925,1.0
924,926,1.0
925,926,1.0
927,928,1.0
927,929,1.0
928,929,1.0
930,931,1.0
930,932,1.0
931,932,1.0
933,934,1.0
933,935,1.0
934,935,1.0
936,937,1.0
936,938,1.0
937,938,1.0
940,941,1.0
942,943,1.0
942,954,1.0
942,955,1.0
944,945,1.0
944,946,1.0
944,947,1.0
945,946,1.0
945,947,1.0
946,947,1.0
948,949,1.0
948,950,1.0
948,951,1.0
948,952,1.0
948,953,1.0
949,950,1.0
949,951,1.0
949,952,1.0
949,953,1.0
950,951,1.0
950,952,1.0
950,953,1.0
951,952,1.0
951,953,1.0
952,953,1.0
954,955,1.0
958,988,1.0
958,989,1.0
959,960,1.0
959,961,1.0
959,962,1.0
959,963,1.0
960,961,1.0
960,962,1.0
960,963,1.0
961,962,1.0
961,963,1.0
961,983,1.0
961,984,1.0
962,963,1.0
964,965,1.0
964,966,1.0
965,966,1.0
967,968,1.0
970,971,1.0
970,972,1.0
971,972,1.0
974,975,1.0
974,976,1.0
975,976,1.0
981,982,1.0
983,984,1.0
986,987,1.0
988,989,1.0
990,1003,1.0
992,993,1.0
992,994,1.0
992,995,1.0
993,994,1.0
993,995,1.0
994,995,1.0
997,998,1.0
997,999,1.0
998,999,1.0
998,1005,1.0
998,1006,1.0
998,1007,1.0
998,1008,1.0
998,1009,1.0
998,1010,1.0
1000,1039,1.0
1001,1002,1.0
1005,1006,1.0
1005,1007,1.0
1005,1008,1.0
1005,1009,1.0
1005,1010,1.0
1006,1007,1.0
1006,1008,1.0
1006,1009,1.0
1006,1010,1.0
1007,1008,1.0
1007,1009,1.0
1007,1010,1.0
1008,1009,1.0
1008,1010,1.0
1009,1010,1.0
1011,1012,1.0
1014,1015,1.0
1014,1016,1.0
1015,1016,1.0
1017,1018,1.0
1017,1019,1.0
1017,1020,1.0
1017,1021,1.0
1017,1022,1.0
1017,1023,1.0
1018,1019,1.0
1019,1020,1.0
1019,1021,1.0
1019,1022,1.0
1019,1023,1.0
1020,1021,1.0
1020,1022,1.0
1020,1023,1.0
1021,1022,1.0
1021,1023,1.0
1022,1023,1.0
1025,1026,1.0
1025,1027,1.0
1026,1027,1.0
1031,1034,1.0
